vocab,word_length,part_of_speech,definitions,sentences_eg,derived_words,synonyms,antonyms,freq_of_usage,polarity,subjectivity,subjectivity_score
asing,5,,"1. berlainan, terpisah, tersendiri; berasa diri ~ (di sesuatu tempat) berasa diri terpisah atau bukan sebahagian drpd tempat yg berkenaan; 2. berasal (datang) dr daerah atau negeri lain, bukan tempatan, bukan anak negeri;2. berasal (datang) dr daerah atau negeri lain, bukan tempatan, bukan anak negeri;3. bukan dr dunia ini;4. tidak spt yg biasa terdapat (dilakukan, diamalkan, dll)",1. banyak bangsa asing di negeri ini;2. banyak bangsa asing di negeri ini;3. makhluk asing;4. amalan-amalan yg asing bagi masyarakat Melayu,,,,2,negative,partially fact-driven,0.46875
atas,4,,1 tempat atau bahagian yg lebih tinggi (lw bawah); ~ meja;2 akan; dengan; untuk; tentang;3 disebabkan oleh; kerana,"1. atas bumbung. 2 akan;2. atas kerjasama yg tuan-tuan berikan itu, kami mengucapkan terima kasih banyak-banyak. 3 disebabkan oleh;3. atas beberapa sebab, ia enggan menyertai perkumpulan itu. atas sungai hulu sungai. (negeri) atas angin negeri-negeri di sebelah barat. beratas-atasan, atas-mengatasi saling hendak melebihi yg lain",,,,1,positive,partially fact-driven,0.25
badan,5,,"1 semua bahagian tubuh manusia atau binatang yg dpt dilihat;2 bahagian tubuh manusia atau binatang, tidak termasuk kepala, kaki ataupun tangan;3 yg empunya tubuh; diri sendiri. 4 bahagian utama drpd sesuatu;4 bahagian utama drpd sesuatu","1. badan orang itu besar serta gempal. 2 bahagian tubuh manusia atau binatang, tidak termasuk kepala, kaki ataupun tangan: badannya lebih panjang drpd kakinya. 3 yg empunya tubuh;2. badannya lebih panjang drpd kakinya. 3 yg empunya tubuh;3. badan kereta;4. badan kereta",,,,0,none,fact-driven,0.06607142857142857
berisi,6,kata nama,"1. mempunyai isi, tidak kosong;2. tidak kurus, gemuk;3. = berisikan mengandungi, bermuat;4. mempunyai",1. bintit-bintit itu berisi nanah;2. pemuda yg berbadan gempal berisi;3. baldi yg berisi air mandi;4. aku hanya berisi dgn ilmu tanggapan pancaindera dan tanggapan akal,seisi;berisi;mengisi;mengisikan,kandungan;muatan;kargo,,0,none,partially opinion-driven,0.7250000000000001
berkedudukan,12,,"1. mempunyai kedudukan (tempat letaknya), terletak, berada;2. mempunyai kedudukan (taraf, darjat, dsb), bertaraf, berdarjat, bermartabat",1. jarum penimbang itu diganjakkan sehingga berkedudukan betul-betul pd nombor 0;2. dia berkedudukan tinggi di mata masyarakat,,,,0,none,partially fact-driven,0.39499999999999996
besar,5,,1 tidak kecil ukurannya; lebih drpd sedang ukurannya;2 hampir dewasa; tahu membezakan yg buruk drpd yg baik;3 ukuran sesuatu benda;4 paling tinggi pangkatnya dlm sesuatu jawatan; paling berpengaruh atau berkuasa,1. Rumahnya besar lagi cantik. 2 hampir dewasa;2. Anak-anaknya semua sudah besar. 3 ukuran sesuatu benda: besar rumahnya lebih kurang dua kali rumah ini. 4 paling tinggi pangkatnya dlm sesuatu jawatan;3. besar rumahnya lebih kurang dua kali rumah ini. 4 paling tinggi pangkatnya dlm sesuatu jawatan;4. guru besar guru yg menjadi ketua guru-guru di sesebuah sekolah,,,,7,none,fact-driven,0.16666666666666669
buku,4,,"1 bahagian yg keras pd tempat pertemuan dua ruas buluh, tebu dsb; bahagian hujung dan pangkal ruas tulang yg berbonggol. 2 ketul atau butir yg kecil-kecil, spt garam;2 ketul atau butir yg kecil-kecil, spt garam;3 penjodoh bilangan utk benda yg berbutir atau berketul",1. Ahmad menghancurkan buku-buku tanah itu dgn cangkul. 3 penjodoh bilangan utk benda yg berbutir atau berketul: sebuku garam;2. Ahmad menghancurkan buku-buku tanah itu dgn cangkul. 3 penjodoh bilangan utk benda yg berbutir atau berketul: sebuku garam;3. sebuku garam,,,,0,none,fact-driven,0.03333333333333333
dalam,5,,"1. jarak (jauhnya) ke bawah atau ke dasar dr permukaan (air, tanah, dsb), jarak (jauhnya) ke tengah dr tepi atau pinggir sesuatu;2. jauh ke bawah atau ke dasar dr permukaan (air, tanah, dll) atau jauh ke tengah dr tepi atau pinggir (hutan dll), jauh jaraknya di antara paras permukaan dgn dasar, tidak cetek;3. bukan sedikit, tidak sempit, lebih drpd sekadar yg perlu sahaja;4. mengandungi makna yg tidak mudah difahami (bkn perkataan, ungkapan, dsb), lebih drpd yg terzahir;5. tidak ceper (leper), jeluk (bkn pinggan atau piring); 6. bahagian atau ruang (rumah, bilik, peti, almari, dll) yg lawannya luar;6. bahagian atau ruang (rumah, bilik, peti, almari, dll) yg lawannya luar;7. yg berkaitan dgn atau terbatas pd lingkungan sesuatu (spt negeri, keluarga, dll) itu sendiri;8. yg tidak nampak atau ketara dr luar;9. yg dipakai sebelum dipakai pakaian selengkapnya",1. dalam perigi itu kira-kira empat meter;2. lubang itu dalam sungguh;3. dia mempunyai pengetahuan yg dalam tentang hal itu;4. perkataan ini dalam maknanya;5. diambilnya sepucuk surat dr dalam laci itu dan dihulurkannya kpd saya;6. diambilnya sepucuk surat dr dalam laci itu dan dihulurkannya kpd saya;7. urusan dalam negeri;8. penyakit dalam;9. baju dalam,,,,56,none,fact-driven,0.1
dapat,5,,1 boleh (berupaya) melakukan sesuatu; sanggup;2 bp beroleh; menerima; kena;3 bp bertemu dgn apa-apa yg dicari; bersua;4 bp berjaya (bkn apa-apa yg diusahakan atau yg dicita-citakan); tercapai; berhasil,"1. Saya dapat menyudahkan kerja itu. 2 bp beroleh;2. Saya dapat RM10,000/- kerana memenangi peraduan itu. 3 bp bertemu dgn apa-apa yg dicari;3. Penat ia mencari duitnya yg hilang itu tetapi tidak juga dapat. 4 bp berjaya (bkn apa-apa yg diusahakan atau yg dicita-citakan);4. Akhirnya dapat juga apa yg dicita-citakannya. dapat terpijak memperoleh sesuatu dgn mudah atau dgn tidak perlu berusaha. mendapat 1 menerima",,,,13,none,partially opinion-driven,0.5548611111111111
dasar,5,,"1. bahagian yg di bawah sekali (laut, sungai, tasik, dsb);2. bahagian yg di bawah sekali sama ada di sebelah dalam atau di sebelah luar sesuatu bekas (spt kuali, botol, dll);3. lantai;4. lapisan yg di bawah sekali (pd gambar, kain, dll), latar;5. sifat, perangai (yg sudah sebati dgn seseorang);6. pertimbangan (cara, sistem, dll) yg pokok bkn sesuatu, asas, prinsip, teras;7. pendirian yg menjadi asas segala tindakan (sikap, keputusan, dll), polisi;8. yg menjadi bahagian (faktor) terpenting, asas, pokok;9. Id memang, sebenarnya;10. kertas dsb yg dipotong mengikut bentuk baju dan dijadikan asas utk menggunting pakaian;berdasar 1. ada (memakai, mempunyai) dasar","1. mutiara didapati di dasar laut;2. serbuk kopi itu mendap ke dasar gelas;3. rumah itu atapnya zink, dindingnya papan, dan dasarnya simen;4. dasar kain batik pd umumnya berwarna perang;5. dia pantang ditegur memang begitu dasarnya;6. Vietnam Selatan mengirim beberapa orang pegawai tentera ke Malaysia utk mempelajari dasar-dasar perang gerila;7. dasar kerajaan;8. setelah dicapai persetujuan tentang soal-soal dasar, baru dibincangkan butir-butirnya;9. sudah dasar pencuri;10. kain songket itu dasar biru",,,,0,none,fact-driven,0.10250000000000001
dengan,6,,"1. (ber)serta, bersama, disertai (oleh), ditemani (oleh);2. kata yg digunakan utk menunjukkan cara sesuatu itu dilakukan (dicapai dll) atau alat dsb yg digunakan;3. melawan, menentang;4. kata yg menunjukkan atau menyatakan keadaan (gaya dsb);5. oleh, kerana, atas; ~ nama Allah atas nama Allah; ~ yg demikian oleh yg demikian; 6. kata utk menyatakan hubungan kesesuaian (kecocokan, keselarasan, dsb);6. kata utk menyatakan hubungan kesesuaian (kecocokan, keselarasan, dsb);7. kata yg menjelaskan sesuatu perolehan (pencapaian dsb);8. kata yg menunjukkan tumpuan sesuatu perbuatan (sikap, pernyataan, dll)",1. saya pergi menonton wayang dengan adik saya;2. Ahmad membelah durian dengan parang;3. bergaduh dengan adiknya;4. Ahmad menerima hadiah itu dengan terketar-ketar;5. tindakan yg diambil sesuai dengan keadaan;6. tindakan yg diambil sesuai dengan keadaan;7. ramai pelajar yg lulus dengan mendapat gred dua;8. Sukor akan berbincang dengan dia sebelum membuat keputusan,,,,28,none,fact-driven,0.04375
hak,3,,"1. (yg) benar, kebenaran;2. kuasa atas sesuatu atau utk berbuat sesuatu (ditentukan oleh undang-undang, agama, adat istiadat, dll);3. milik, kepunyaan;4. yg (mana satu)",1. katakanlah yg hak walau pahit sekalipun;2. tiap-tiap anak ada hak atas harta pusaka peninggalan bapanya;3. hak orang jangan diambil;4. awak mahu hak itukah atau hak ini?,berhak,,,0,positive,partially fact-driven,0.3303571428571428
hukum,5,kata nama,"1. peraturan yg dibuat oleh sesuatu kekuasaan (negara dll), adat yg dianggap mesti dipatuhi, undang-undang;2. ketentuan (kaedah, kepastian, ketetapan) mengenai sesuatu peristiwa atau kejadian (alam dll);3. = hukuman keputusan (pertimbangan) yg dibuat oleh hakim (dlm mahkamah dll); memutuskan (menjatuhkan) ~ membuat keputusan; kena ~ dijatuhi hukuman; 4. sl perintah, kekuasaan;4. sl perintah, kekuasaan",1. hukum mengerjakan sembahyang;2. hukum alam;3. raja-raja dlm dunia ini dr masyrik datang ke maghrib semuanya dlm hukum Maharaja Rawana;4. raja-raja dlm dunia ini dr masyrik datang ke maghrib semuanya dlm hukum Maharaja Rawana,hukuman;menghukum;menghukumkan;terhukum,,,0,none,fact-driven,0.1
lebih,5,,1 melampaui had yg biasa; bertambah drpd yg dahulu; lw kurang;2 sesuatu yg tinggal sesudah diambil dll; baki; sisa;3 bertambah; semakin;4 (dlm perbandingan menyatakan) sangat .... (drpd),"1. Panjangnya lebih satu meter dan lebarnya kurang sepuluh sentimeter. 2 sesuatu yg tinggal sesudah diambil dll;2. Dia membelanjakan wangnya sepuluh ringgit, lebihnya disimpan. 3 bertambah;3. Dia lebih berani berbahas di depan orang ramai sekarang. 4 (dlm perbandingan menyatakan) sangat .... (drpd): Saya lebih senang di sini drpd di sana. lebih kurang kira-kira;4. Saya lebih senang di sini drpd di sana. lebih kurang kira-kira",lebih-lebih lagi;berlebih;berlebihan;berlebih-lebihan;melebih;melebih-lebih;melebihi;melebihkan;kelebihan,,kurang,16,positive,fact-driven,0.21208333333333332
merupakan,9,kata nama,"1. membentuk (membuat, menjadikan) supaya mempunyai rupa, memberi rupa;2. melahirkan, menggambarkan, mewujudkan;3. menjadi, membentuk;40% drpd pendapatan negara Malaysia; 4. ki melambangkan, melukiskan, menggambarkan",1. peti rahsia itu dirupakan buku;2. malaikat Jibrail dirupakan seorang yg cantik dan diberi bersayap;3. rancangan hendak memindahkan ibu negeri merupakan projek yg terpenting;4. Pak Kadok dan Lebai Malang merupakan manusia yg dungu tetapi sebenarnya mempunyai daya berfikir,rupanya;rupa-rupanya;serupa;menyerupai;menyerupakan;keserupaan;berupa;berupa-rupa;merupakan;terupa;rupawan;kerupawanan,paras;muka;wajah;roman;raut;tampang muka;air muka,,3,none,opinion-driven,0.75
milik,5,kata nama,"1. kepunyaan, hak;2. Id nasib baik, beruntung; memiliki 1. mempunyai",1. semua tanah adalah milik kerajaan pusat;2. rakyat berhak milik harta,memiliki;pemilik,,,0,none,partially opinion-driven,0.5089285714285714
oleh,4,,1 kata sendi nama utk menunjukkan pelaku dlm ayat pasif;2 sebab; akibat;3 kepada; bagi;4 dengan,1. Daerah itu telah ditawan oleh musuh. 2 sebab;2. Orang itu mati oleh penyakit kepialu. 3 kepada;3. Tampak olehnya seorang tua berjalan-jalan. 4 dengan: Bakul itu sarat oleh buah-buahan. beroleh mendapat atau menerima sesuatu: Beliau telah oleh anak lelaki. memperoleh mendapat atau mencapai sesuatu dgn usaha: Kita telah oleh kemerdekaan tanpa menumpahkan darah setitik pun. perolehan 1 sesuatu yg diperoleh;4. Bakul itu sarat oleh buah-buahan. beroleh mendapat atau menerima sesuatu: Beliau telah oleh anak lelaki. memperoleh mendapat atau mencapai sesuatu dgn usaha: Kita telah oleh kemerdekaan tanpa menumpahkan darah setitik pun. perolehan 1 sesuatu yg diperoleh,,,,11,none,fact-driven,0.23125
peraturan,9,,1. segala yg telah ditentukan (ditetapkan dsb) dan harus diturut atau dipatuhi,1. setiap pekerja hendaklah mematuhi peraturan pejabat,,,,0,none,fact-driven,0.0
persembahan,11,,"1. hadiah (kpd raja, orang-orang yg lebih tinggi martabatnya);2. sesuatu yg dihidangkan atau dipertunjukkan (permainan, pementasan, filem, dll)","1. segala negeri takluk datang memperhambakan diri, masing-masing dgn persembahannya;2. persembahan lakonan yg diselingi lagu-lagu",,,,0,none,fact-driven,0.0
pokok,5,kata nama,1 segala jenis tumbuh-tumbuhan;2 bahagian tumbuh-tumbuhan dr pangkal hingga ke pucuk;3 ki sesuatu yg terpenting atau yg terutama; sesuatu yg menjadi asas;4 modal dlm sesuatu perniagaan,"1. pokok pisang;2. Jika akarnya dikerat, pokok tentu mati. 3 ki sesuatu yg terpenting atau yg terutama;3. Dlm hal ini, pokoknya, kita perlu bekerja keras. 4 modal dlm sesuatu perniagaan: Jika tiap-tiap bulan termakan pokok, bila kedai akan maju? pokok angin awan yg bergumpal-gumpal di kaki langit alamat ribut akan turun. pokok hujan mendung yg tebal menandakan hari akan hujan. pokok jalar (rayap) pokok yg menjalar di permukaan tanah (pd tunggul kayu dsb) spt keledek, tembikai. pokok kata, = kata pokok kata dasar yg belum diberi imbuhan. pokok pagar pokok yg ditanam berbaris spt pagar. pokok pangkal hal-hal atau sebab yg terpenting. pokok panjat (lilit) jenis tumbuh-tumbuhan yg hidupnya berpaut pd pokok atau pd benda lain. pokok pembicaraan (cerita) perkara yg dibicarakan (diceritakan). pokok penanti pokok yg menerima tunas baka pokok lain yg sama jenis dgnnya dlm proses cantuman. pokok renek jenis pokok kecil yg batangnya berteras. pokok tirus jenis pokok malar hijau yg mengeluarkan kon, spt pain, fir. berpokok berasas (pd);4. Jika tiap-tiap bulan termakan pokok, bila kedai akan maju? pokok angin awan yg bergumpal-gumpal di kaki langit alamat ribut akan turun. pokok hujan mendung yg tebal menandakan hari akan hujan. pokok jalar (rayap) pokok yg menjalar di permukaan tanah (pd tunggul kayu dsb) spt keledek, tembikai. pokok kata, = kata pokok kata dasar yg belum diberi imbuhan. pokok pagar pokok yg ditanam berbaris spt pagar. pokok pangkal hal-hal atau sebab yg terpenting. pokok panjat (lilit) jenis tumbuh-tumbuhan yg hidupnya berpaut pd pokok atau pd benda lain. pokok pembicaraan (cerita) perkara yg dibicarakan (diceritakan). pokok penanti pokok yg menerima tunas baka pokok lain yg sama jenis dgnnya dlm proses cantuman. pokok renek jenis pokok kecil yg batangnya berteras. pokok tirus jenis pokok malar hijau yg mengeluarkan kon, spt pain, fir. berpokok berasas (pd)",berpokok,,,0,none,partially fact-driven,0.45746464183964186
publik,6,,"1. orang ramai, masyarakat umum, awam, umum",1. menarik perhatian publik,,,,0,none,fact-driven,0.06666666666666667
rumah,5,kata nama,"1. binaan utk tempat tinggal; ahli (orang) ~ a) isteri; b) ahli keluarga yg tinggal di rumah; anjung ~ bahagian depan rumah yg menganjur; elaun ~ elaun sewa rumah utk pegawai; nyonya ~ Id isteri; perkakas ~ a) bahan utk membuat rumah; b) perabot; tuan ~ pemilik rumah; 2. (biasanya dipakai apabila memberi nama kpd sesuatu bangunan dgn erti) bangunan, gedung;2. (biasanya dipakai apabila memberi nama kpd sesuatu bangunan dgn erti) bangunan, gedung;3. ki pasukan atau kumpulan dlm olahraga (di sekolah dll);4. = ~ angka bahagian dlm susunan angka, ruang, kolum;5. Mn ark pendirian, maksud","1. Rrumah Persekutuan;2. Rrumah Persekutuan;3. sebuah sekolah selalunya dibahagikan kpd empat rumah dan rumah-rumah itu diberi nama warna misalnya rumah merah, rumah biru, dll;4. rumah se;5. rumahmu sudah jelas kini",,,,31,none,fact-driven,0.09999999999999999
satuan,6,,"1. angka yg kurang drpd 10 pd bilangan yg mempunyai lebih drpd satu angka; 2. sesuatu yg digunakan sbg dasar sukatan (ukuran dll), unit;2. sesuatu yg digunakan sbg dasar sukatan (ukuran dll), unit",1. gantang ialah satuan ukuran banyak;2. gantang ialah satuan ukuran banyak,,,,0,none,partially fact-driven,0.25
sebutan,7,,"1. apa yg disebut, (sesuatu) yg disebut;2. cara melafazkan atau menyebut (perkataan dll), ucapan, lafaz;3. = sebut-sebutan yg selalu dipercakapkan (dibualkan dll), buah mulut;4. panggilan (gelaran, jolokan, ejekan, dsb)","1. ada yg perempuan spt yg telah lalu sebutannya pd bab yg pertama;2. pendengaran bergantung pd bunyi sebutan huruf saksi;3. telah jadi sebut-sebutan, anak komandan polisi yg baik dan rendah hati;4. Tunku Abdul Rahman mendapat sebutan Bapa Malaysia",,,,0,none,partially fact-driven,0.30833333333333335
susun,5,,"1. longgok yg teratur (berlapis-lapis, bertindih-tindih); 2. tingkat, (se)perangkat barang yg bertingkat-tingkat (pinggan, mangkuk, tepen, dll);2. tingkat, (se)perangkat barang yg bertingkat-tingkat (pinggan, mangkuk, tepen, dll);3. rangkai, untai (sajak); se~ sajak; 4. rangkap berlapis (kelopak bunga mawar dll); ~ atur cara menyusun dan mengatur sesuatu spt perabot, hiasan dsb dlm sesuatu ruang, taman dsb mengikut pelan yg dikehendaki; bersusun 1. berlonggok bertindih-tindih (yg satu di atas yg lain);4. rangkap berlapis (kelopak bunga mawar dll); ~ atur cara menyusun dan mengatur sesuatu spt perabot, hiasan dsb dlm sesuatu ruang, taman dsb mengikut pelan yg dikehendaki; bersusun 1. berlonggok bertindih-tindih (yg satu di atas yg lain)",1. ia membeli pinggan sesusun;2. ia membeli pinggan sesusun;3. beberapa keping atap zink masih susun di bawah rumahnya;4. beberapa keping atap zink masih susun di bawah rumahnya,,,,0,none,fact-driven,0.0
tahun,5,,"1. jangka waktu (masa) yg lamanya dua belas bulan;2. angka yg menyatakan tarikh;3. masa dua belas bulan yg ke... (spt majalah, surat khabar, dll);45; 3. masa dua belas bulan yg ke... (spt majalah, surat khabar, dll);5; 3. masa dua belas bulan yg ke... (spt majalah, surat khabar, dll)",1. umurnya enam belas tahun;2. beliau dilahirkan pd tahun 1945;3. Majalah Bahasa tahun yg kedua bilangan satu;4. Majalah Bahasa tahun yg kedua bilangan satu;5. Majalah Bahasa tahun yg kedua bilangan satu,,,,4,none,fact-driven,0.04
tentang,7,kata tugas,"1. = di tentang berhadapan dgn, betul-betul di depan (di muka), dekat di sebelah ..., berseberangan dgn;2. lurus di atas, tepat di atas;3. lebih kurang pd, kira-kira pd (di);4. = tentangan Mn terhadap, berkenaan;5. hal ..., perkara ...;6. berkenaan dgn, berkaitan dgn, darihal, mengenai;7. akan ..., dlm hal;8. mengarah, menuju;9. menyongsong (angin, ombak, dll)","1. tentang sebuah potret yg tergantung di dinding ia berdiri diam-diam, memandang tenang-tenang;2. surat drpd Khadijah, yg mengaku sahabat Hayati ini, laksana sebuah bom yg meletus di tentang kepalanya;3. maka Upu Daing Perani pun kenalah peluru meriam tentang dadanya;4. mereka memberikan perhatian tentang Bahasa Kebangsaan;5. kedua-dua syeikh itu berbahas tentang masalah akyan sabitah;6. Datuk Ujang sendiri masih samar-samar tentang apa yg dimaksudkan oleh kata-kata gadis itu;7. buku ini tidaklah lengkap, sama ada tentang isi baik pun tentang pen-jelasan isinya;8. belayar tentang pulau;9. belayar tentang angin",bersetentang;bersetentangan;bertentangan;bertentangan;menentang;menentangkan;mempertentangkan;tertentang;tentangan;pertentangan;penentangan;penentang,,,4,none,fact-driven,0.17129629629629628
tersebut,8,,"1. telah disebut (diceritakan dll), pernah disebut;2. terkatakan, terperikan","1. maka saya pun terimalah rial yg tersebut itu dgn beribu-ribu terima kasih;2. maka segala perahu itu pun berlabuh di Tanjung Kerawang itu, maka tiadalah tersebut lagi",,,,8,none,fact-driven,0.1
tiga,4,,"13); ~ dimensi bentuk yg mempunyai lebar, panjang dan tinggi; ~ dlm satu terdiri drpd atau mempunyai tiga bahan, fungsi dsb dlm sesuatu barangan, kegiatan dll; ~ puluh tiga kali sepuluh (30); ~ pupu perhubungan persaudaraan antara orang yg moyang mereka adik-beradik; ~ suku a) tiga bahagian drpd empat, 75%; b) ki agak gila, gila-gilaan; ~ sudah berdiri habis prb sesuatu perbuatan itu memadailah dgn tiga perbandingan, iaitu ilmu, akal dan kemahiran; masuk ~ keluar empat prb perbelanjaan melebihi pendapatan; tiga-tiga setiap kali (baris, kelompok dsb) tiga",1. letakkan cawan itu tiga,,,,0,none,fact-driven,0.0
undang,6,,"1. orang yg diundang, jemputan; 2. panggilan (utk datang), jemputan;2. panggilan (utk datang), jemputan","1. pd suatu hari, dia menerima undang utk menghadiri satu pesta di rumah temannya;2. pd suatu hari, dia menerima undang utk menghadiri satu pesta di rumah temannya",,,,0,none,fact-driven,0.0
yang,4,,"1. (Lin) kata penghubung utk menyatakan bahawa kata keterangan berikutnya dipentingkan atau menunjukkan kelainan;2. (Lin) kata penghubung utk menyatakan bahawa katakata (ayat) berikutnya ialah penjelasan utk kata-kata sebelumnya;3. kata yg digunakan sbg kata penyerta, kata yg menentukan kata benda, kata sandang;4. sl adapun akan;5. bp kata peng-hubung utk menyatakan isi atau huraiankata (ayat) sebelumnya, bahawa",1. rumah yang besar itu;2. banyak orang yang ingin bersalam dengannya;3. yang penting bagi kita ialah mengenai dasar;4. yang hutang tuan hamba sekati emas itu halallah dunia akhirat;5. mengertilah cikgu itu yang pandangan itu bermaksud meminta nasihat,,,,93,none,partially fact-driven,0.32
