vocab,word_length,part_of_speech,definitions,sentences_eg,derived_words,synonyms,antonyms,freq_of_usage,polarity,subjectivity,subjectivity_score
pengetahuan,11,kata kerja,"1. perihal mengetahui, apa-apa yg diketahui;2. perihal tahu, kepandaian, kebijakan;3. = ilmu ~ segala yg (akan) diketahui atau dipelajari bkn sesuatu",1. kisah serong yg dilakukan oleh Datuk ini sedikit sebanyak sampai juga ke pengetahuan orang kampung;2. biasanya orang yg ada pengetahuan dlm ilmu sains kurang pula pengetahuannya dlm bahasa Melayu;3. telah kukuasai pengetahuan tentang falsafah dgn mudah,tahu-tahu;mengetahui;ketahuan;berketahuan;pengetahuan;berpengetahuan,maklum;faham;mengerti;mengetahui;sedar;mengakui;enga,jahil;membiarkan,3,none,partially opinion-driven,0.6638888888888889
sahaja,6,kata tugas,"1. yg satu-satunya, cuma, hanya, melainkan;2. selalu (demikian), terus (demikian);3. juga (demikian), juga (begitu);4. barang ... pun, sebarang;5. dgn mudah, dgn senang;6. -lah (sbg anjuran), lebih baik;7. sangat (utk mengeraskan kata sebelumnya), sekali;8. sememangnya, memang;9. sengaja, dgn niat sendiri;10. spt biasa (tidak ditambah-tambah)",1. tuan sahaja yg dapat menolong saya;2. ia mengeluh sahaja;3. muzik sama sahaja mustahaknya dgn bahasa atau kesusasteraan;4. apa sahaja;5. disembelihnya sahaja kijang yg tidak dapat berlari lagi itu;6. makan sahaja apa yg ada;7. mudah sahaja mengalahkan orang itu;8. sahaja sebenarnyalah pekerjaan spt titah duli tuanku itu;9. sahaja aku mengerjakan umrah dan ihram dengannya kerana Allah Taala;10. dgn mata sahaja dapat dilihat bintang itu,bersahaja;bersahaja-sahaja;menyahajakan,satu-satunya;cuma;hanya;melainkan;semata-mata;belaka,jarang,13,none,partially fact-driven,0.45833333333333337
senang,6,adjektif,"1. (serba) mudah, tidak ada kesulitan (perkara yg susah-susah), tidak ada yg me-nyusahkan;2. suka, mesra;3. berasa puas (enak, nyaman, gembira, dll), rehat;4. bahagia (hidupnya), tidak susah atau melarat;5. ki bersahaja (percakapan dll), tenang","1. kerja mereka senang dan mudah;2. kalau begitu, saya tidak senang kpd engkau lagi;3. sehari-hari disuruhnya belajar tak satu, satu, tidak boleh senang;4. susah dan senang kehidupan keluarga mereka, tidaklah menjadi peng-halang kpd budak-budak itu bersuka ria;5. Lili meneruskan kata-katanya dgn tenang dan senang",bersenang;bersenang-senang;menyenangi;menyenangkan;mempersenang;kesenangan,mudah;gampang;ringan;ganyir;suang;lasuh;enteng,susah;benci;sesak;huru;berlebih,0,positive,partially opinion-driven,0.7183333333333334
amal,4,,"1. apa sahaja yg dilakukan, perbuatan, pekerjaan;2. perbuatan baik (yg mendatangkan faedah kpd orang lain);3. melakukan sesuatu sbg suatu kebiasaan; mengamalkan 1. melaksanakan, mempraktikkan, melakukan (sbg suatu kebiasaan)","1. banyak amal, sedikit bicara;2. bersedekah ialah satu drpd amal kebajikan;3. pemuda itu amal falsafah hidup baharu",,,,0,none,partially fact-driven,0.45909090909090916
amin,4,,"1. perkenankanlah ya Allah doa kami (lazimnya disebut semasa berdoa);2. orang yg dapat dipercayai dgn sesuatu amanah; mengamini, mengaminkan 1. menutup doa atau menyahut bacaan doa dgn mengucapkan amin",1. doa itu diakhiri dgn mengucapkan amin;2. lebai pun membaca doa dan semua yg hadir amin,,,,0,none,fact-driven,0.0
arah,4,,"1. hala, jurusan;2. maksud, tujuan;3. memberi tekanan pd sesuatu hal, berat, condong;4. mengepalai, mengetuai;5. mengatur (mengurus atau mengelolakan serta menyelia) sesuatu persembahan seni spt drama (filem dsb);6. menyuruh kenderaan dsb mengikut sesuatu jalan (bkn polis lalu lintas dsb)",1. ia mencari arah datangnya suara itu;2. bercakap tidak tentu arah;3. perbincangan mereka arah kpd hal yg lebih berat spt masalah kemiskinan orang-orang Melayu;4. arah peperangan melawan pengganas komunis;5. beliau telah arah beberapa buah filem Melayu;6. polis sedang arah lalu lintas di kawasan itu setelah beberapa jalan terpaksa ditutup,,,,0,none,fact-driven,0.1953703703703704
baca,4,,"1. memerhatikan isi sesuatu yg tertulis atau tercetak dgn teliti dan memahamkan makna kandungannya;2. mengucapkan apa yg tertulis atau tercetak pd buku, papan tanda, dsb secara lisan (dgn kuat);3. memahamkan makna sesuatu (spt tanda, huruf, dsb) tidak dgn mata tetapi dgn jari-jari;4. melihat dan mencatatkan angka yg ditunjukkan pd meter (termometer dsb);5. membuat kesimpulan tentang sifat (tujuan, kehendak, dsb) seseorang dgn melihat seseorang secara luaran sahaja;6. mengucapkan baris-baris sajak dgn penuh perasaan di hadapan penonton, mendeklamasi;7. meneliti garis-garis pd tapak tangan utk meramalkan nasib seseorang","1. baca akhbar (buku, novel, surat, dsb);2. ia baca, adikadiknya mendengar;3. baca Braille;4. baca meter elektrik;5. drpd tutur katanya, saya dapat baca hati budinya;6. baca sajak;7. dia pandai baca tapak tangan",,,,0,none,fact-driven,0.08571428571428573
berbuat,7,,1. mengerjakan (melakukan) sesuatu;2. sl = membuat,"1. berbuat baik (jahat, salah, dll);2. maka Sultan Mansor Shah memberi titah pd Bendahara Paduka Raja menyuruh berbuat istana",,,,0,none,partially fact-driven,0.3611111111111111
bukan,5,,1 berlain drpd yg sebenarnya; tidak benar;2 kata yg digunakan pd akhir ayat utk menanyakan benar tidaknya sesuatu,"1. Dia bukan saudaraku. Ini singa, bukan harimau. 2 kata yg digunakan pd akhir ayat utk menanyakan benar tidaknya sesuatu: Engkau hendak ke pasar, bukan? bukan-bukan 1 tidak masuk akal;2. Engkau hendak ke pasar, bukan? bukan-bukan 1 tidak masuk akal",,,,13,none,partially opinion-driven,0.5928571428571429
buku,4,,"1 bahagian yg keras pd tempat pertemuan dua ruas buluh, tebu dsb; bahagian hujung dan pangkal ruas tulang yg berbonggol. 2 ketul atau butir yg kecil-kecil, spt garam;2 ketul atau butir yg kecil-kecil, spt garam;3 penjodoh bilangan utk benda yg berbutir atau berketul",1. Ahmad menghancurkan buku-buku tanah itu dgn cangkul. 3 penjodoh bilangan utk benda yg berbutir atau berketul: sebuku garam;2. Ahmad menghancurkan buku-buku tanah itu dgn cangkul. 3 penjodoh bilangan utk benda yg berbutir atau berketul: sebuku garam;3. sebuku garam,,,,0,none,fact-driven,0.03333333333333333
cara,4,,"1 peraturan membuat sesuatu;2 gaya atau kaedah (spt bentuk, fesyen dll);3 sesuatu peraturan yg lazim diikut; adat resam; adat kebiasaan","1. Bagaimanakah cara membuat kuih itu? 2 gaya atau kaedah (spt bentuk, fesyen dll): Bahasa yg digunakan dlm karangannya mengikut cara bahasa Melayu lama. 3 sesuatu peraturan yg lazim diikut;2. Bahasa yg digunakan dlm karangannya mengikut cara bahasa Melayu lama. 3 sesuatu peraturan yg lazim diikut;3. Beliau gemar sekali makan masakan cara Melayu. cara-cara 1 berbagai-bagai cara",,,,1,none,partially fact-driven,0.33888888888888885
dalam,5,,"1. jarak (jauhnya) ke bawah atau ke dasar dr permukaan (air, tanah, dsb), jarak (jauhnya) ke tengah dr tepi atau pinggir sesuatu;2. jauh ke bawah atau ke dasar dr permukaan (air, tanah, dll) atau jauh ke tengah dr tepi atau pinggir (hutan dll), jauh jaraknya di antara paras permukaan dgn dasar, tidak cetek;3. bukan sedikit, tidak sempit, lebih drpd sekadar yg perlu sahaja;4. mengandungi makna yg tidak mudah difahami (bkn perkataan, ungkapan, dsb), lebih drpd yg terzahir;5. tidak ceper (leper), jeluk (bkn pinggan atau piring); 6. bahagian atau ruang (rumah, bilik, peti, almari, dll) yg lawannya luar;6. bahagian atau ruang (rumah, bilik, peti, almari, dll) yg lawannya luar;7. yg berkaitan dgn atau terbatas pd lingkungan sesuatu (spt negeri, keluarga, dll) itu sendiri;8. yg tidak nampak atau ketara dr luar;9. yg dipakai sebelum dipakai pakaian selengkapnya",1. dalam perigi itu kira-kira empat meter;2. lubang itu dalam sungguh;3. dia mempunyai pengetahuan yg dalam tentang hal itu;4. perkataan ini dalam maknanya;5. diambilnya sepucuk surat dr dalam laci itu dan dihulurkannya kpd saya;6. diambilnya sepucuk surat dr dalam laci itu dan dihulurkannya kpd saya;7. urusan dalam negeri;8. penyakit dalam;9. baju dalam,,,,56,none,fact-driven,0.1
dapat,5,,1 boleh (berupaya) melakukan sesuatu; sanggup;2 bp beroleh; menerima; kena;3 bp bertemu dgn apa-apa yg dicari; bersua;4 bp berjaya (bkn apa-apa yg diusahakan atau yg dicita-citakan); tercapai; berhasil,"1. Saya dapat menyudahkan kerja itu. 2 bp beroleh;2. Saya dapat RM10,000/- kerana memenangi peraduan itu. 3 bp bertemu dgn apa-apa yg dicari;3. Penat ia mencari duitnya yg hilang itu tetapi tidak juga dapat. 4 bp berjaya (bkn apa-apa yg diusahakan atau yg dicita-citakan);4. Akhirnya dapat juga apa yg dicita-citakannya. dapat terpijak memperoleh sesuatu dgn mudah atau dgn tidak perlu berusaha. mendapat 1 menerima",,,,13,none,partially opinion-driven,0.5548611111111111
dengan,6,,"1. (ber)serta, bersama, disertai (oleh), ditemani (oleh);2. kata yg digunakan utk menunjukkan cara sesuatu itu dilakukan (dicapai dll) atau alat dsb yg digunakan;3. melawan, menentang;4. kata yg menunjukkan atau menyatakan keadaan (gaya dsb);5. oleh, kerana, atas; ~ nama Allah atas nama Allah; ~ yg demikian oleh yg demikian; 6. kata utk menyatakan hubungan kesesuaian (kecocokan, keselarasan, dsb);6. kata utk menyatakan hubungan kesesuaian (kecocokan, keselarasan, dsb);7. kata yg menjelaskan sesuatu perolehan (pencapaian dsb);8. kata yg menunjukkan tumpuan sesuatu perbuatan (sikap, pernyataan, dll)",1. saya pergi menonton wayang dengan adik saya;2. Ahmad membelah durian dengan parang;3. bergaduh dengan adiknya;4. Ahmad menerima hadiah itu dengan terketar-ketar;5. tindakan yg diambil sesuai dengan keadaan;6. tindakan yg diambil sesuai dengan keadaan;7. ramai pelajar yg lulus dengan mendapat gred dua;8. Sukor akan berbincang dengan dia sebelum membuat keputusan,,,,28,none,fact-driven,0.05625
faham,5,,"1. = fahaman pengetahuan dlm fikiran mengenai sesuatu, pengertian;2. fikiran atau anggapan dsb yg menjadi pegangan seseorang, pendapat;3. tahu dan mengerti benar akan sesuatu;4. kepercayaan (pegangan) individu atau masyarakat tentang sesuatu",1. fahamnya mengenai soal-soal politik negara agak cetek;2. faham mereka saling bercanggah;3. aku tidak faham macam mana perkara itu mahu diselesaikan;4. faham komunisme,,,,0,none,fact-driven,0.16875
hanya,5,kata tugas,"1. tidak lebih drpd, cuma, sahaja;2. sekiranya (terdapat atau berlaku sesuatu keadaan dsb yg tertentu sahaja), sekiranya (kalau) ... sahaja",1. kemanakan hamba hanya seorang saja;2. hanya apabila darjah itu tidak banyak mempunyai kanak-kanak baru boleh dijalankan pengajaran berseorangan,,,,4,none,opinion-driven,0.8166666666666667
hari,4,,"1 masa dua puluh empat jam yg bermula dr matahari terbit sehingga matahari terbit sekali lagi;2 = siang ~ masa dr matahari terbit sehingga matahari terbenam;3 masa bekerja dlm satu hari;4 keadaan alam, cuaca dll dlm sesuatu hari","1. Dlm seminggu, ada tujuh hari. 2 = siang hari masa dr matahari terbit sehingga matahari terbenam: tiga hari tiga malam. 3 masa bekerja dlm satu hari: Dia bekerja enam hari dlm seminggu. 4 keadaan alam, cuaca dll dlm sesuatu hari: Apabila hari hujan, dia tidak keluar rumah. hari akhirat (kemudian) masa selepas musnahnya atau hancurnya alam ini (iaitu selepas hari kiamat). hari Bapa hari utk mengenang atau memperingati jasa bapa, iaitu pd hari Ahad ketiga dlm bulan Jun. hari besar hari yg dirayakan utk memperingati sesuatu perkara atau peristiwa penting. hari bulan tarikh dlm sesuatu bulan yg tertentu;2. tiga hari tiga malam. 3 masa bekerja dlm satu hari: Dia bekerja enam hari dlm seminggu. 4 keadaan alam, cuaca dll dlm sesuatu hari: Apabila hari hujan, dia tidak keluar rumah. hari akhirat (kemudian) masa selepas musnahnya atau hancurnya alam ini (iaitu selepas hari kiamat). hari Bapa hari utk mengenang atau memperingati jasa bapa, iaitu pd hari Ahad ketiga dlm bulan Jun. hari besar hari yg dirayakan utk memperingati sesuatu perkara atau peristiwa penting. hari bulan tarikh dlm sesuatu bulan yg tertentu;3. Dia bekerja enam hari dlm seminggu. 4 keadaan alam, cuaca dll dlm sesuatu hari: Apabila hari hujan, dia tidak keluar rumah. hari akhirat (kemudian) masa selepas musnahnya atau hancurnya alam ini (iaitu selepas hari kiamat). hari Bapa hari utk mengenang atau memperingati jasa bapa, iaitu pd hari Ahad ketiga dlm bulan Jun. hari besar hari yg dirayakan utk memperingati sesuatu perkara atau peristiwa penting. hari bulan tarikh dlm sesuatu bulan yg tertentu;4. Apabila hari hujan, dia tidak keluar rumah. hari akhirat (kemudian) masa selepas musnahnya atau hancurnya alam ini (iaitu selepas hari kiamat). hari Bapa hari utk mengenang atau memperingati jasa bapa, iaitu pd hari Ahad ketiga dlm bulan Jun. hari besar hari yg dirayakan utk memperingati sesuatu perkara atau peristiwa penting. hari bulan tarikh dlm sesuatu bulan yg tertentu",,,,6,none,partially fact-driven,0.40891439909297056
hidup,5,,"1 bernyawa dan bernafas (bkn manusia, binatang dll); tumbuh dan berfungsi sebagaimana mestinya (bkn tumbuh-tumbuhan);2 tinggal di sesuatu tempat; berkediaman (di);3 berada dlm keadaan tertentu;4 (masih) bergerak atau berjalan (bkn enjin kereta, pertubuhan dll);5 mendapat rezeki dgn cara tertentu","1. Kedua-dua ibu bapanya masih hidup. Pokok padinya hidup dgn subur. 2 tinggal di sesuatu tempat;2. hidup di kota besar tidak selamanya lebih mudah drpd hidup di kampung. 3 berada dlm keadaan tertentu: Orang yg tidak berilmu, hidupnya seumpama berjalan pd malam yg gelap gelita. Mudah-mudahan kamu akan hidup bahagia. 4 (masih) bergerak atau berjalan (bkn enjin kereta, pertubuhan dll): Enjin keretanya masih hidup. Syarikat kerjasama itu masih hidup. Api itu masih hidup. 5 mendapat rezeki dgn cara tertentu: Kebanyakan orang Melayu hidup dgn bersawah padi. hidup-hidup 1 benar-benar hidup: Kalau tidak pernah melihat penyu hidup, barangkali kita pernah melihat gambarnya. 2 dlm keadaan masih hidup: Pengganas itu telah membakarnya hidup. menghidupkan membuat supaya hidup (dlm berbagai-bagai erti spt memasang lampu, menyalakan api): Dia hidup enjin keretanya. Apabila dia berasa sejuk, dia pun hidup api utk memanaskan badannya. hidupan 1 segala benda (spt binatang, tumbuh-tumbuhan) yg hidup: Kuman ialah hidup yg sangat halus. 2 = binatang hidup binatang (spt kerbau, lembu) yg diternak;3. Orang yg tidak berilmu, hidupnya seumpama berjalan pd malam yg gelap gelita. Mudah-mudahan kamu akan hidup bahagia. 4 (masih) bergerak atau berjalan (bkn enjin kereta, pertubuhan dll): Enjin keretanya masih hidup. Syarikat kerjasama itu masih hidup. Api itu masih hidup. 5 mendapat rezeki dgn cara tertentu: Kebanyakan orang Melayu hidup dgn bersawah padi. hidup-hidup 1 benar-benar hidup: Kalau tidak pernah melihat penyu hidup, barangkali kita pernah melihat gambarnya. 2 dlm keadaan masih hidup: Pengganas itu telah membakarnya hidup. menghidupkan membuat supaya hidup (dlm berbagai-bagai erti spt memasang lampu, menyalakan api): Dia hidup enjin keretanya. Apabila dia berasa sejuk, dia pun hidup api utk memanaskan badannya. hidupan 1 segala benda (spt binatang, tumbuh-tumbuhan) yg hidup: Kuman ialah hidup yg sangat halus. 2 = binatang hidup binatang (spt kerbau, lembu) yg diternak;4. Enjin keretanya masih hidup. Syarikat kerjasama itu masih hidup. Api itu masih hidup. 5 mendapat rezeki dgn cara tertentu: Kebanyakan orang Melayu hidup dgn bersawah padi. hidup-hidup 1 benar-benar hidup: Kalau tidak pernah melihat penyu hidup, barangkali kita pernah melihat gambarnya. 2 dlm keadaan masih hidup: Pengganas itu telah membakarnya hidup. menghidupkan membuat supaya hidup (dlm berbagai-bagai erti spt memasang lampu, menyalakan api): Dia hidup enjin keretanya. Apabila dia berasa sejuk, dia pun hidup api utk memanaskan badannya. hidupan 1 segala benda (spt binatang, tumbuh-tumbuhan) yg hidup: Kuman ialah hidup yg sangat halus. 2 = binatang hidup binatang (spt kerbau, lembu) yg diternak;5. Kebanyakan orang Melayu hidup dgn bersawah padi. hidup-hidup 1 benar-benar hidup: Kalau tidak pernah melihat penyu hidup, barangkali kita pernah melihat gambarnya. 2 dlm keadaan masih hidup: Pengganas itu telah membakarnya hidup. menghidupkan membuat supaya hidup (dlm berbagai-bagai erti spt memasang lampu, menyalakan api): Dia hidup enjin keretanya. Apabila dia berasa sejuk, dia pun hidup api utk memanaskan badannya. hidupan 1 segala benda (spt binatang, tumbuh-tumbuhan) yg hidup: Kuman ialah hidup yg sangat halus. 2 = binatang hidup binatang (spt kerbau, lembu) yg diternak",hidup-hidup;hidupan;menghidupkan;penghidupan,,mati;palsu;mati,4,positive,partially opinion-driven,0.5295153061224489
ilmu,4,kata nama,"1. pengetahuan dlm perkara dunia, akhirat, zahir, batin, dll; ~ akhirat pengetahuan bkn segala sesuatu sesudah manusia itu mati; ~ kalam salah satu cabang usuluddin; mencari ~ berusaha utk mencari kepandaian dan pengetahuan; menuntut ~ belajar; 2. kajian bkn sesuatu perkara;2. kajian bkn sesuatu perkara;3. sampainya diri kpd makna, dan hadirnya makna dlm diri seseorang (dlm konteks agama Islam); ~ padi, makin berisi makin tunduk prb makin banyak ilmu atau makin tinggi pangkat, makin merendahkan diri; menunjukkan ~ kpd orang menetek prb membuat pekerjaan yg sia-sia; berilmu mempunyai banyak ilmu, berpengetahuan","1. ilmu bumi;2. ilmu bumi;3. orang yg ilmu dapat membezakan antara baik dan jahat, benar dan salah",berilmu;keilmuan,,,6,none,partially fact-driven,0.25297619047619047
isi,3,kata nama,"1. sesuatu yg termuat dlm sesuatu benda, kandungan;2. inti sari, pati;3. bahagian (pd buah dll) yg bukan biji (yg dikandung oleh kulit);4. mempunyai",1. apakah isi bakul itu?;2. dlm puisi isi atau erti itu sama pentingnya dgn keindahan luar;3. isi durian ini tebal dan manis pula rasanya;4. aku hanya isi dgn ilmu tanggapan pancaindera dan tanggapan akal,seisi;berisi;mengisi;mengisikan,kandungan;muatan;kargo,,0,none,partially fact-driven,0.453125
islam,5,,"1. memasukkan seseorang ke dlm agama Islam, menjadikan beragama Islam;2. mengkhatankan, menyunatkan;3. menjadikan patuh kpd atau menyesuaikan dgn ajaran (ciri-ciri dsb) agama Islam; keislaman hal atau keadaan yg berkaitan dgn Islam",1. orang Perlak itu pun diislamkan oleh Fakir Muhammad;2. ia hendak islam anak sulungnya;3. semangat kita haruslah semangat islam,,,,0,none,fact-driven,0.03333333333333333
jelajah,7,,1. orang yg menjelajah,1. Amundsen ialah seorang jelajah kutub bangsa Norway,,,,0,none,fact-driven,0.125
kepada,6,kata tugas,"1. kata utk menyatakan arah ke (dipakai sebelum nama orang atau kata pengganti diri), pada;2. terhadap, akan;3. daripada, pada",1. mengirim surat kepada orang tuanya;2. jangan berbuat jahat kepada orang;3. baginda memohon Siantan kepada Betara Majapahit,,,,42,none,fact-driven,0.2222222222222222
kita,4,kata nama,1 saya dan kamu semua,1. Mari kita pergi berkelah. 2 saya,kekitaan,,,30,none,fact-driven,0.0
lebih,5,,1 melampaui had yg biasa; bertambah drpd yg dahulu; lw kurang;2 sesuatu yg tinggal sesudah diambil dll; baki; sisa;3 bertambah; semakin;4 (dlm perbandingan menyatakan) sangat .... (drpd),"1. Panjangnya lebih satu meter dan lebarnya kurang sepuluh sentimeter. 2 sesuatu yg tinggal sesudah diambil dll;2. Dia membelanjakan wangnya sepuluh ringgit, lebihnya disimpan. 3 bertambah;3. Dia lebih berani berbahas di depan orang ramai sekarang. 4 (dlm perbandingan menyatakan) sangat .... (drpd): Saya lebih senang di sini drpd di sana. lebih kurang kira-kira;4. Saya lebih senang di sini drpd di sana. lebih kurang kira-kira",lebih-lebih lagi;berlebih;berlebihan;berlebih-lebihan;melebih;melebih-lebih;melebihi;melebihkan;kelebihan,,kurang,16,positive,partially fact-driven,0.29125
maksud,6,kata nama,"1. tujuan, hajat, kehendak, niat;2. erti yg tersimpul dlm sesuatu ayat (perbuatan dll)",1. maksud aku ke sini ialah hendak berjumpa dgn engkau;2. apakah maksud perkataanmu itu?,bermaksud;memaksudkan,tujuan;hajat;hasrat;niat;motif;matlamat;objektif;keinginan;kemahuan;kehendak;murad;kasad;anju;hujung,,0,none,partially fact-driven,0.34375
manfaat,7,kata nama,"1. guna, faedah; kejadian itu tidak akan memberi ~ kpd sesiapa pun; 2. untung, laba; bermanfaat berguna, berfaedah;2. untung, laba; bermanfaat berguna, berfaedah",1. apa yg di-lakukan mereka memang manfaat bagi bangsa;2. apa yg di-lakukan mereka memang manfaat bagi bangsa,bermanfaat;memanfaatkan,,,4,none,fact-driven,0.0
membaca,7,,"1. memerhatikan isi sesuatu yg tertulis atau tercetak dgn teliti dan memahamkan makna kandungannya;2. mengucapkan apa yg tertulis atau tercetak pd buku, papan tanda, dsb secara lisan (dgn kuat);3. memahamkan makna sesuatu (spt tanda, huruf, dsb) tidak dgn mata tetapi dgn jari-jari;4. melihat dan mencatatkan angka yg ditunjukkan pd meter (termometer dsb);5. membuat kesimpulan tentang sifat (tujuan, kehendak, dsb) seseorang dgn melihat seseorang secara luaran sahaja;6. mengucapkan baris-baris sajak dgn penuh perasaan di hadapan penonton, mendeklamasi;7. meneliti garis-garis pd tapak tangan utk meramalkan nasib seseorang","1. membaca akhbar (buku, novel, surat, dsb);2. ia membaca, adik-adiknya mendengar;3. membaca Braille;4. membaca meter elektrik;5. drpd tutur katanya, saya dapat membaca hati budinya;6. membaca sajak;7. dia pandai membaca tapak tangan",,,,23,none,fact-driven,0.08571428571428573
memulakan,9,,"1. = memulai mula membuat (melakukan) sesuatu;2. melakukan (mengerjakan) dr mula, mengasaskan;3. membiarkan mula melakukan sesuatu",1. dia terus menunjukkan cara mereka memulakan peraduan itu;2. me-mang sukar hendak memulakan sesuatu perniagaan tetapi adalah lebih sukar lagi utk memelihara perniagaan itu;3. orang Parsi menunggu orang Islam memulakan serangan,,,,0,none,fact-driven,0.09027777777777778
mengajak,8,,"1. menjemput (mempelawa dsb) seseorang dll supaya turut pergi atau datang ke sesuatu tempat (menghadiri sesuatu dsb) atau turut melakukan sesuatu, menjemput, menyarankan kpd (utk berbuat sesuatu), menganjurkan, menjemput (makan dsb);2. membangkitkan hati (utk melakukan sesuatu), mencabar (utk)",1. Malaysia telah mengajak Filipina berunding mengenai Sabah;2. mengajak berdebat,,,,0,none,fact-driven,0.0
mengenali,9,,"1. kenal akan, mengenal;2. mengetahui (rupanya, sifatnya, tanda-tandanya, dll)",1. dia yg baru sahaja mengenali pemuda itu telah sanggup menurut kata-katanya;2. aku akan mendapat kesempatan mengenali sistem pendidikan di negeri-negeri yg akan kulawati,,,,2,none,partially fact-driven,0.2875
menuntut,8,,"1. meminta dgn mendesak (supaya dilakukan, dipenuhi, dll);2. meminta supaya dijelaskan (hutang dll), menagih hutang;3. hendak memulangkan kembali perbuatan yg telah dilakukan kepada seseorang, hendak mengimbangi kembali (kejahatan orang dll), melakukan sesuatu yg setimpal;4. mempertahankan (hak atas sesuatu), menjaga, memelihara;5. berusaha dgn keras (utk mendapatkan sesuatu), bekerja sungguh-sungguh (utk mencapai tujuan dll);6. berusaha utk mencari ilmu (pengetahuan dll), mempelajari;7. mewajibkan, mengharuskan, menjadikan kemestian (agar dilakukan dsb sesuatu);8. membawa perkara ke mahkamah (utk diadili), mendakwa",1. pekerja-pekerja menuntut supaya dinaikkan gaji;2. pekedai-pekedai tidak berani lagi menuntut hutang drpd pelanggan-pelanggan mereka;3. perbuatan si dajal itu mesti dituntut;4. hak pengarang dituntut;5. mereka telah banyak mengorbankan tenaga dan harta dlm perjuangan mereka menuntut kebebasan itu;6. anak-anaknya dihantar menuntut ilmu ke tempat yg lebih maju;7. kita hendaklah menunaikan kewajiban kita spt yg dituntut oleh agama kita;8. mereka yg melanggar undang-undang negara akan dituntut,,,,0,none,fact-driven,0.06875
mudah,5,adjektif,"1. tidak susah atau sukar, gampang, senang;2. cepat atau lekas sekali (menjadi dll);3. bp senang diperdaya (perempuan), tidak kuat imannya; ~ jua pd yg ada, sukar jua pd yg tidak prb orang kaya dapat memenuhi adat apa pun jua sedangkan orang miskin segalanya susah; bermudah-mudah menganggap senang sahaja sesuatu pekerjaan, mengerjakan dgn tidak bersungguh-sungguh; memudahkan 1. menjadikan mudah (utk dikerjakan dll), menyenangkan","1. sajak baru, bukanlah satu hasil seni yg mudah difahami;2. ada setengah-se-tengah orang yg mudah menganggap bahawa pengarang itu seorang manusia yg luar biasa;3. utk mudah men-dapat makan, mereka telah menyewakan rumah mereka",bermudah-mudah;memudahkan;mempermudah;kemudahan;pemudah,,,2,positive,partially opinion-driven,0.6441077441077442
muslim,6,kata nama,1. menjadikan sesuatu bercirikan Islam,"1. serba-serbi mesti dimuslimkan, dibersihkan di dalam dan di luar",,,,0,none,fact-driven,0.0
sangat,6,,"1. terlalu, terlampau;2. hebat, kuat, menjadi teruk;3. benar-benar (sungguh-sungguh, sememangnya, dll)",1. bilangan murid yg mendapat sijil pertama sangatlah sedikit;2. susahnya amat sangat;3. mereka mahu sangat mendengar cerita itu,,,,7,positive,partially opinion-driven,0.5422222222222223
sebagai,7,,"1. untuk, bagi;2. jadi, menjadi, selaku;3. bertindak spt, selaku","1. beliau memberi fatwa ini sebagai menjawab pertanyaan;2. mengangkatnya sebagai pengerusi;3. sebagai negara sahabat, kita mengharapkan bantuan drpd mereka",,,,7,none,fact-driven,0.16666666666666666
segala,6,,"1. semua (tiada kecuali), sekalian, se-luruh;2. seluruh, segenap;3. semuanya, serba; ~ salah serba salah; 4. Jk, bk memangnya, sungguh (utk memaki); segalanya termasuk apa sahaja (tidak ter-kecuali), semua sekali, semuanya, segala-galanya;4. Jk, bk memangnya, sungguh (utk memaki); segalanya termasuk apa sahaja (tidak ter-kecuali), semua sekali, semuanya, segala-galanya",1. segala negeri yg bertamadun mempunyai perkhidmatan perubatan;2. segala badannya berlumuran darah;3. segala kabur dan dangkal;4. segala kabur dan dangkal,,,,0,none,partially fact-driven,0.4625
sekadar,7,kata nama,"1. selaras dgn (keperluan dll), secara, sepadan, sesuai dgn;2. = sekadarkan cuma, hanya (utk);3. seperlunya (seadanya, semampunya, dll)",1. sekadar yg diperlukan;2. berjalan-jalan ini pun sekadar menanti waktu maghrib;3. sajian sekadarnya,sekadar,daya;kemampuan;keupayaan;kesanggupan;kebolehan,,0,none,fact-driven,0.0
setiap,6,,"1. satu-satu drpd banyak, masing-masing",1. setiap orang yg diambil bekerja akan dilatih terlebih dahulu,,,,2,none,partially fact-driven,0.3333333333333333
tentang,7,kata tugas,"1. = di tentang berhadapan dgn, betul-betul di depan (di muka), dekat di sebelah ..., berseberangan dgn;2. lurus di atas, tepat di atas;3. lebih kurang pd, kira-kira pd (di);4. = tentangan Mn terhadap, berkenaan;5. hal ..., perkara ...;6. berkenaan dgn, berkaitan dgn, darihal, mengenai;7. akan ..., dlm hal;8. mengarah, menuju;9. menyongsong (angin, ombak, dll)","1. tentang sebuah potret yg tergantung di dinding ia berdiri diam-diam, memandang tenang-tenang;2. surat drpd Khadijah, yg mengaku sahabat Hayati ini, laksana sebuah bom yg meletus di tentang kepalanya;3. maka Upu Daing Perani pun kenalah peluru meriam tentang dadanya;4. mereka memberikan perhatian tentang Bahasa Kebangsaan;5. kedua-dua syeikh itu berbahas tentang masalah akyan sabitah;6. Datuk Ujang sendiri masih samar-samar tentang apa yg dimaksudkan oleh kata-kata gadis itu;7. buku ini tidaklah lengkap, sama ada tentang isi baik pun tentang pen-jelasan isinya;8. belayar tentang pulau;9. belayar tentang angin",bersetentang;bersetentangan;bertentangan;bertentangan;menentang;menentangkan;mempertentangkan;tertentang;tentangan;pertentangan;penentangan;penentang,,,4,none,fact-driven,0.17129629629629628
untuk,5,kata tugas,"1. ditentukan (disediakan) bagi, merupa-kan bahagian (seseorang dll);2. guna, bagi, buat;3. (digunakan, dipakai) sebagai, dijadikan, supaya menjadi atau dijadikan;4. (bermaksud) hendak;5. (diberikan, dihantar) kepada;6. (melakukan, mengerjakan sesuatu) supaya, supaya dapat","1. tanah getah yg lima ekar ini untukmu dan tanah sawah yg dua ekar itu untuk adikmu;2. wang untuk membeli makanan;3. ditumbuknya kulit kayu itu halus-halus untuk ubat;4. saya terlalu takut untuk lari;5. beliau telah mengirim wang RM50.00 untuk ayahnya;6. untuk melihat dgn jelas penyimpangan dr segi bentuk ini, di bawah ini diturunkan dua rangkap permulaan Syair Sinyor Kosta",memperuntukkan;peruntukan,bagi;bahagian;habuan;umpuk;hak,,42,none,fact-driven,0.14305555555555555
yang,4,,"1. (Lin) kata penghubung utk menyatakan bahawa kata keterangan berikutnya dipentingkan atau menunjukkan kelainan;2. (Lin) kata penghubung utk menyatakan bahawa katakata (ayat) berikutnya ialah penjelasan utk kata-kata sebelumnya;3. kata yg digunakan sbg kata penyerta, kata yg menentukan kata benda, kata sandang;4. sl adapun akan;5. bp kata peng-hubung utk menyatakan isi atau huraiankata (ayat) sebelumnya, bahawa",1. rumah yang besar itu;2. banyak orang yang ingin bersalam dengannya;3. yang penting bagi kita ialah mengenai dasar;4. yang hutang tuan hamba sekati emas itu halallah dunia akhirat;5. mengertilah cikgu itu yang pandangan itu bermaksud meminta nasihat,,,,93,none,partially fact-driven,0.32
